City_ID,City,Country,Date,Lat,Lng,Max Temp,Humidity,Cloudiness,Wind Speed
0,Namibe,AO,2022-10-16 17:15:50,-15.1961,12.1522,70.92,83,77,8.5
1,Mayo,US,2022-10-16 17:15:51,38.8876,-76.5119,71.2,52,0,3.0
2,Soacha,CO,2022-10-16 17:15:06,4.5794,-74.2168,66.09,52,75,8.05
3,Altay,CN,2022-10-16 17:15:51,47.8667,88.1167,49.19,26,77,8.43
4,Busselton,AU,2022-10-16 17:15:52,-33.65,115.3333,51.26,84,13,10.04
5,Myaundzha,RU,2022-10-16 17:15:52,63.0494,147.1858,-6.11,99,63,2.82
6,Severo-Kurilsk,RU,2022-10-16 17:10:52,50.6789,156.125,41.32,66,66,6.64
7,Karaton,ID,2022-10-16 17:15:52,-6.3424,106.1045,74.17,94,78,2.42
8,Ushuaia,AR,2022-10-16 17:15:53,-54.8,-68.3,49.66,40,0,8.05
9,Acapulco,MX,2022-10-16 17:15:01,16.8634,-99.8901,85.82,79,75,3.44
10,Puerto Ayora,EC,2022-10-16 17:15:28,-0.7393,-90.3518,76.96,83,86,8.99
11,Tuktoyaktuk,CA,2022-10-16 17:11:13,69.4541,-133.0374,24.42,78,100,22.97
12,Christchurch,NZ,2022-10-16 17:12:12,-43.5333,172.6333,46.94,92,100,6.91
13,Georgetown,MY,2022-10-16 17:11:42,5.4112,100.3354,78.89,91,20,0.0
14,Kidal,ML,2022-10-16 17:15:54,18.4411,1.4078,95.5,8,3,8.81
15,Luanda,AO,2022-10-16 17:15:54,-8.8368,13.2343,78.8,78,20,11.5
16,Bluff,NZ,2022-10-16 17:15:54,-46.6,168.3333,50.4,69,47,18.34
17,Carnarvon,AU,2022-10-16 17:15:55,-24.8667,113.6333,65.01,71,0,21.23
18,Sao Filipe,CV,2022-10-16 17:15:55,14.8961,-24.4956,77.36,73,11,6.69
19,Karratha,AU,2022-10-16 17:15:55,-20.7377,116.8463,74.03,47,2,14.76
20,Havelock,US,2022-10-16 17:12:58,34.8791,-76.9013,82.94,48,0,10.36
21,Qaanaaq,GL,2022-10-16 17:15:56,77.484,-69.3632,33.17,87,100,11.7
22,Punta Arenas,CL,2022-10-16 17:11:29,-53.15,-70.9167,59.11,38,0,16.11
23,Norman Wells,CA,2022-10-16 17:15:56,65.282,-126.8329,32.04,80,100,14.97
24,Noumea,NC,2022-10-16 17:15:56,-22.2763,166.4572,66.18,76,0,4.7
25,Yamoto,JP,2022-10-16 17:15:57,38.4274,141.2149,62.78,89,69,6.69
26,Vardo,NO,2022-10-16 17:15:57,70.3705,31.1107,40.98,87,40,11.5
27,Albany,US,2022-10-16 17:15:57,42.6001,-73.9662,59.43,53,100,0.76
28,Mangrol,IN,2022-10-16 17:15:57,21.1167,70.1167,81.64,58,15,2.84
29,Bengkulu,ID,2022-10-16 17:15:58,-3.8004,102.2655,75.76,89,99,2.64
30,Hualmay,PE,2022-10-16 17:15:58,-11.0964,-77.6139,67.77,69,41,11.41
31,Phalombe,MW,2022-10-16 17:15:58,-15.8064,35.6507,77.9,26,27,6.29
32,Nome,US,2022-10-16 17:12:23,64.5011,-165.4064,30.27,74,100,9.22
33,Kenitra,MA,2022-10-16 17:15:59,34.261,-6.5802,77.76,61,100,9.69
34,Kartaly,RU,2022-10-16 17:15:59,53.0522,60.6467,43.88,64,100,9.04
35,Torbay,CA,2022-10-16 17:15:59,47.6666,-52.7314,56.28,82,100,12.66
36,Inta,RU,2022-10-16 17:16:00,66.0317,60.1659,38.05,95,100,12.75
37,Aquiles Serdan,MX,2022-10-16 17:16:00,17.7833,-92.2833,83.21,78,100,6.89
38,Pyaozerskiy,RU,2022-10-16 17:12:49,65.8333,31.1667,49.12,91,100,13.18
39,Hambantota,LK,2022-10-16 17:16:01,6.1241,81.1185,79.21,79,96,13.82
40,Dikson,RU,2022-10-16 17:16:01,73.5069,80.5464,29.32,92,94,9.37
41,Yellowknife,CA,2022-10-16 17:16:01,62.456,-114.3525,28.92,100,100,14.97
42,Hilo,US,2022-10-16 17:13:13,19.7297,-155.09,82.27,89,40,6.91
43,Mar Del Plata,AR,2022-10-16 17:16:02,-38.0023,-57.5575,62.62,84,0,10.36
44,Nishihara,JP,2022-10-16 17:16:02,26.1842,127.7558,79.88,83,75,11.5
45,Port Alfred,ZA,2022-10-16 17:16:03,-33.5906,26.891,66.18,90,98,3.0
46,Meulaboh,ID,2022-10-16 17:16:08,4.1363,96.1285,75.0,82,100,3.18
47,Mataura,NZ,2022-10-16 17:16:08,-46.1927,168.8643,46.35,83,99,3.24
48,Gangakher,IN,2022-10-16 17:16:09,18.95,76.75,72.97,94,100,5.57
49,Thompson,CA,2022-10-16 17:12:29,55.7435,-97.8558,25.39,66,28,11.9
50,Fort Nelson,CA,2022-10-16 17:16:09,58.8053,-122.7002,29.79,74,20,5.75
51,Upernavik,GL,2022-10-16 17:12:03,72.7868,-56.1549,31.93,99,100,6.11
52,Dawson,US,2022-10-16 17:16:10,31.7735,-84.4466,80.98,32,8,3.74
53,Lavrentiya,RU,2022-10-16 17:14:33,65.5833,-171.0,29.77,75,100,23.51
54,Hithadhoo,MV,2022-10-16 17:16:10,-0.6,73.0833,81.18,69,96,11.59
55,Mercedes,AR,2022-10-16 17:16:10,-34.6515,-59.4307,71.04,27,24,12.59
56,Avarua,CK,2022-10-16 17:12:39,-21.2078,-159.775,75.25,78,75,6.91
57,Mecca,SA,2022-10-16 17:16:11,21.4267,39.8261,85.35,50,21,3.4
58,Saint-Cyr-Sur-Loire,FR,2022-10-16 17:16:11,47.4,0.6667,70.05,79,0,3.44
59,Castro,BR,2022-10-16 17:16:11,-24.7911,-50.0119,68.58,77,98,1.57
60,Ilulissat,GL,2022-10-16 17:16:12,69.2167,-51.1,35.62,69,100,1.14
61,Ponta Do Sol,PT,2022-10-16 17:15:47,32.6667,-17.1,75.7,74,22,4.12
62,Hasaki,JP,2022-10-16 17:16:12,35.7333,140.8333,67.21,72,100,9.64
63,Rikitea,PF,2022-10-16 17:16:13,-23.1203,-134.9692,69.06,60,93,20.38
64,Vostochnyy,RU,2022-10-16 17:16:13,55.8167,37.8667,48.38,68,14,9.55
65,Serrinha,BR,2022-10-16 17:16:13,-11.6642,-39.0075,90.77,27,69,12.66
66,Hobart,AU,2022-10-16 17:15:04,-42.8794,147.3294,49.86,72,99,12.66
67,Casian,PH,2022-10-16 17:16:14,11.035,119.7136,82.02,81,92,15.14
68,Kalmunai,LK,2022-10-16 17:16:14,7.4167,81.8167,78.04,87,93,6.24
69,Cayenne,GF,2022-10-16 17:16:14,4.9333,-52.3333,89.64,55,20,10.36
70,Nikolskoye,RU,2022-10-16 17:16:15,59.7035,30.7861,49.91,86,98,11.34
71,Qasigiannguit,GL,2022-10-16 17:16:15,68.8193,-51.1922,35.85,74,100,8.37
72,Yaan,NG,2022-10-16 17:16:15,7.3833,8.5667,80.56,71,82,0.87
73,Kudahuvadhoo,MV,2022-10-16 17:16:16,2.6708,72.8944,81.5,76,100,17.52
74,Dovolnoye,RU,2022-10-16 17:16:16,54.4958,79.6671,49.59,51,100,7.07
75,Caravelas,BR,2022-10-16 17:16:16,-17.7125,-39.2481,80.51,58,60,8.32
76,Matagami,CA,2022-10-16 17:16:17,49.7502,-77.6328,41.11,81,100,10.36
77,Lata,PT,2022-10-16 17:16:17,40.1629,-8.3327,75.49,49,73,5.28
78,Ostrovnoy,RU,2022-10-16 17:16:17,68.0531,39.5131,46.29,90,100,23.22
79,Constitucion,CL,2022-10-16 17:16:18,-35.3333,-72.4167,62.71,65,31,16.69
80,Vaini,TO,2022-10-16 17:12:02,-21.2,-175.2,73.56,100,40,4.61
81,East London,ZA,2022-10-16 17:16:05,-33.0153,27.9116,67.96,85,100,20.62
82,Umm Lajj,SA,2022-10-16 17:16:18,25.0213,37.2685,83.25,63,9,7.45
83,Kapaa,US,2022-10-16 17:16:18,22.0752,-159.319,77.32,86,100,9.22
84,Arraial Do Cabo,BR,2022-10-16 17:16:19,-22.9661,-42.0278,75.06,69,75,23.02
85,North Bend,US,2022-10-16 17:15:51,43.4065,-124.2243,58.15,93,100,10.36
86,Young,UY,2022-10-16 17:16:19,-32.6833,-57.6333,68.56,47,82,14.36
87,Cherskiy,RU,2022-10-16 17:16:19,68.75,161.3,4.89,97,95,6.8
88,Rapid Valley,US,2022-10-16 17:16:20,44.0625,-103.1463,49.42,66,0,20.71
89,Manono,CD,2022-10-16 17:16:20,-7.3,27.4167,71.91,85,90,8.19
90,Lorengau,PG,2022-10-16 17:16:21,-2.0226,147.2712,80.67,80,70,5.68
91,Salalah,OM,2022-10-16 17:16:21,17.0151,54.0924,80.69,74,20,3.44
92,Yangliuqing,CN,2022-10-16 17:16:21,39.1375,116.9997,46.35,18,1,10.38
93,Marzuq,YE,2022-10-16 17:12:03,14.4,46.4667,74.91,48,1,3.65
94,Tautira,PF,2022-10-16 17:16:27,-17.7333,-149.15,77.14,69,70,15.28
95,Bambous Virieux,MU,2022-10-16 17:11:58,-20.3428,57.7575,69.22,76,82,8.37
96,Kericho,KE,2022-10-16 17:16:27,-0.3677,35.2831,56.35,95,100,3.47
97,Miri,MY,2022-10-16 17:16:28,4.4148,114.0089,77.14,94,40,3.44
98,Jamestown,US,2022-10-16 17:13:56,42.097,-79.2353,58.51,37,0,13.8
99,Chuy,UY,2022-10-16 17:16:28,-33.6971,-53.4616,61.11,93,84,16.06
100,Alindao,CF,2022-10-16 17:16:28,5.0267,21.2088,71.89,95,75,3.67
101,Rawson,AR,2022-10-16 17:16:29,-43.3002,-65.1023,53.15,68,100,15.55
102,Kalachinsk,RU,2022-10-16 17:16:29,55.0529,74.5751,44.31,76,92,4.99
103,La Merced,CO,2022-10-16 17:16:29,5.4019,-75.8847,67.96,74,85,1.77
104,Liezen,AT,2022-10-16 17:16:30,47.5667,14.2333,61.66,85,15,5.55
105,Msanga,TZ,2022-10-16 17:16:30,-6.05,36.0333,76.51,38,11,9.33
106,Yulara,AU,2022-10-16 17:16:30,-25.2406,130.9889,69.98,53,1,8.34
107,San Carlos,VE,2022-10-16 17:16:31,9.6612,-68.5827,85.66,67,62,4.05
108,Formosa Do Rio Preto,BR,2022-10-16 17:16:31,-11.0483,-45.1931,97.14,19,11,6.69
109,La Palma,US,2022-10-16 17:16:32,33.8464,-118.0467,71.62,83,75,6.91
110,Verkhnevilyuysk,RU,2022-10-16 17:16:32,63.4453,120.3167,29.97,94,100,6.91
111,Rio Grande,BR,2022-10-16 17:16:32,-32.035,-52.0986,75.31,77,78,7.56
112,Port Hedland,AU,2022-10-16 17:12:33,-20.3167,118.5667,73.45,68,0,10.36
113,Cabo San Lucas,MX,2022-10-16 17:16:33,22.8909,-109.9124,85.05,61,20,16.11
114,Bulolo,PG,2022-10-16 17:16:33,-7.2,146.65,68.07,97,98,1.45
115,Diego De Almagro,CL,2022-10-16 17:16:33,-26.3667,-70.05,80.85,9,1,10.71
116,Luena,AO,2022-10-16 17:16:34,-11.7833,19.9167,81.18,27,92,8.48
117,Lebu,CL,2022-10-16 17:16:34,-37.6167,-73.65,55.69,77,81,13.15
118,Portland,US,2022-10-16 17:14:16,45.5234,-122.6762,79.02,42,0,11.99
119,Cape Town,ZA,2022-10-16 17:15:40,-33.9258,18.4232,73.81,60,40,5.75
120,Sao Joao Da Barra,BR,2022-10-16 17:16:34,-21.6403,-41.0511,80.69,70,52,12.46
121,Marsaxlokk,MT,2022-10-16 17:16:35,35.8419,14.5431,74.08,78,20,6.91
122,Bredasdorp,ZA,2022-10-16 17:16:35,-34.5322,20.0403,68.27,77,61,5.19
123,Hermanus,ZA,2022-10-16 17:16:36,-34.4187,19.2345,68.13,77,24,4.25
124,Kavieng,PG,2022-10-16 17:16:36,-2.5744,150.7967,81.7,78,84,12.15
125,Dhekiajuli,IN,2022-10-16 17:16:36,26.7,92.5,70.5,85,3,4.79
126,Te Anau,NZ,2022-10-16 17:16:37,-45.4167,167.7167,42.13,90,34,1.48
127,Atuona,PF,2022-10-16 17:16:37,-9.8,-139.0333,76.19,72,5,12.37
128,Port Elizabeth,ZA,2022-10-16 17:16:37,-33.918,25.5701,75.09,92,0,10.36
129,Bandarbeyla,SO,2022-10-16 17:16:38,9.4942,50.8122,78.33,85,25,8.37
130,Tonota,BW,2022-10-16 17:16:38,-21.4833,27.4833,78.06,42,78,16.13
131,Santa Isabel Do Rio Negro,BR,2022-10-16 17:16:38,-0.4139,-65.0192,85.08,75,93,0.87
132,Dingle,PH,2022-10-16 17:16:39,10.9995,122.6711,77.4,86,100,3.98
133,Rabo De Peixe,PT,2022-10-16 17:16:39,37.8,-25.5833,65.71,55,20,10.36
134,Kruisfontein,ZA,2022-10-16 17:16:39,-34.0033,24.7314,72.88,84,100,5.66
135,Soto La Marina,MX,2022-10-16 17:16:45,23.7667,-98.2167,87.78,57,5,8.57
136,Aksarka,RU,2022-10-16 17:16:45,66.5606,67.7975,38.14,94,100,1.88
137,New Norfolk,AU,2022-10-16 17:16:45,-42.7826,147.0587,49.5,67,100,2.42
138,Cidreira,BR,2022-10-16 17:16:46,-30.1811,-50.2056,64.24,94,100,9.57
139,Itapecerica,BR,2022-10-16 17:16:46,-20.4725,-45.1256,85.73,27,84,4.0
140,Bereda,ES,2022-10-16 17:16:46,43.2686,-7.5406,64.42,100,99,8.66
141,Manali,IN,2022-10-16 17:16:47,13.1667,80.2667,86.09,78,55,9.13
142,Tarauaca,BR,2022-10-16 17:16:47,-8.1614,-70.7656,90.19,48,92,5.37
143,Oranjemund,NA,2022-10-16 17:16:47,-28.55,16.4333,61.29,88,28,4.7
144,Hurghada,EG,2022-10-16 17:13:03,27.2574,33.8129,77.86,49,24,3.4
145,Bandar-E Lengeh,IR,2022-10-16 17:16:48,26.5579,54.8807,84.31,61,0,4.61
146,Butaritari,KI,2022-10-16 17:16:48,3.0707,172.7902,81.37,70,100,17.92
147,Esperance,AU,2022-10-16 17:16:48,-33.8667,121.9,59.04,84,85,18.92
148,Leningradskiy,RU,2022-10-16 17:16:48,69.3833,178.4167,14.5,94,99,7.29
149,Souillac,MU,2022-10-16 17:16:49,-20.5167,57.5167,71.98,78,40,5.75
150,Saint-Philippe,RE,2022-10-16 17:16:49,-21.3585,55.7679,71.19,76,64,6.8
151,Cockburn Town,TC,2022-10-16 17:13:20,21.4612,-71.1419,85.96,62,40,5.75
152,Bilibino,RU,2022-10-16 17:16:49,68.0546,166.4372,-13.22,100,98,2.77
153,Cananeia,BR,2022-10-16 17:16:50,-25.0147,-47.9267,71.22,89,87,4.34
154,Tasiilaq,GL,2022-10-16 17:16:50,65.6145,-37.6368,28.56,62,63,4.68
155,Talnakh,RU,2022-10-16 17:16:51,69.4865,88.3972,31.21,91,100,8.34
156,Xuanhua,CN,2022-10-16 17:16:51,40.6103,115.0447,39.52,23,0,8.77
157,Awjilah,LY,2022-10-16 17:16:51,29.1081,21.2869,75.22,41,0,9.26
158,Opuwo,NA,2022-10-16 17:16:52,-18.0607,13.84,75.6,45,51,15.64
159,Praia,CV,2022-10-16 17:16:52,14.9215,-23.5087,82.94,57,20,14.97
160,Videbaek,DK,2022-10-16 17:16:52,56.0876,8.6285,53.78,77,1,19.37
161,Codrington,AU,2022-10-16 17:16:53,-38.2667,141.9667,41.11,89,30,4.61
162,Santa Maria Da Vitoria,BR,2022-10-16 17:16:53,-13.3947,-44.1886,96.6,19,6,4.88
163,Lufilufi,WS,2022-10-16 17:16:53,-13.8745,-171.5986,80.62,73,57,18.48
164,Miranda Do Corvo,PT,2022-10-16 17:16:53,40.0932,-8.3326,76.24,49,78,4.72
165,Sisimiut,GL,2022-10-16 17:16:54,66.9395,-53.6735,37.44,65,100,9.1
166,Aquiraz,BR,2022-10-16 17:16:54,-3.9014,-38.3911,91.45,57,11,16.46
167,Saint-Gaudens,FR,2022-10-16 17:16:55,43.0833,0.6667,69.03,56,53,4.99
168,Vestmannaeyjar,IS,2022-10-16 17:16:55,63.4427,-20.2734,43.79,61,40,16.11
169,Ritchie,ZA,2022-10-16 17:16:55,-29.038,24.6028,69.01,63,100,11.86
170,Saldanha,ZA,2022-10-16 17:16:55,-33.0117,17.9442,62.06,87,10,5.86
171,Brantford,CA,2022-10-16 17:16:14,43.1334,-80.2664,61.23,60,48,5.01
172,Rocha,UY,2022-10-16 17:16:56,-34.4833,-54.3333,56.73,96,100,17.16
173,Vao,NC,2022-10-16 17:16:56,-22.6667,167.4833,70.41,65,0,7.83
174,Coquimbo,CL,2022-10-16 17:16:57,-29.9533,-71.3436,56.93,82,100,8.05
175,San Cristobal,VE,2022-10-16 17:16:57,7.7669,-72.225,84.38,48,77,6.85
176,Manokwari,ID,2022-10-16 17:16:57,-0.8667,134.0833,79.39,75,92,5.17
177,Santa Maria,BR,2022-10-16 17:12:13,-29.6842,-53.8069,72.84,68,91,6.29
178,Conde,BR,2022-10-16 17:16:58,-7.2597,-34.9075,83.66,61,75,18.41
179,Faanui,PF,2022-10-16 17:16:58,-16.4833,-151.75,78.94,67,8,18.19
180,Saint George,US,2022-10-16 17:15:37,37.1041,-113.5841,73.44,40,0,3.0
181,Henties Bay,NA,2022-10-16 17:16:58,-22.116,14.2845,60.06,85,37,4.25
182,Kyra,RU,2022-10-16 17:17:04,49.5776,111.9753,22.71,67,1,3.98
183,Chokurdakh,RU,2022-10-16 17:17:04,70.6333,147.9167,13.01,86,99,10.4
184,Yerbogachen,RU,2022-10-16 17:17:05,61.2767,108.0108,28.0,87,98,6.22
185,Gambela,ET,2022-10-16 17:17:05,8.25,34.5833,70.93,95,100,4.76
186,Adrar,MR,2022-10-16 17:17:05,20.5022,-10.0711,98.37,18,11,8.99
187,Sampit,ID,2022-10-16 17:17:06,-2.5333,112.95,75.52,97,100,1.25
188,Nabire,ID,2022-10-16 17:17:06,-3.3667,135.4833,77.05,90,97,1.92
189,Biak,ID,2022-10-16 17:17:06,-0.9131,122.8766,76.68,85,64,3.58
190,Sechura,PE,2022-10-16 17:17:07,-5.5569,-80.8222,75.06,54,99,12.84
191,Gat,IL,2022-10-16 17:12:29,31.61,34.7642,78.4,19,0,5.12
192,Shenzhen,CN,2022-10-16 17:17:07,22.5455,114.0683,84.97,58,100,11.88
193,Kununurra,AU,2022-10-16 17:17:08,-15.7667,128.7333,80.58,69,100,0.0
194,Bathsheba,BB,2022-10-16 17:17:08,13.2167,-59.5167,88.41,70,20,11.5
195,Rio Gallegos,AR,2022-10-16 17:17:08,-51.6226,-69.2181,68.05,19,0,12.66
196,Kloulklubed,PW,2022-10-16 17:17:09,7.0419,134.2556,79.3,75,100,11.45
197,Broome,US,2022-10-16 17:17:09,42.2506,-75.833,63.19,50,52,3.0
198,Puerto Escondido,MX,2022-10-16 17:17:10,15.85,-97.0667,86.83,54,40,9.22
199,Misratah,LY,2022-10-16 17:17:10,32.3754,15.0925,74.8,59,74,10.67
200,Basco,PH,2022-10-16 17:17:10,20.4487,121.9702,81.63,88,100,14.83
201,San Patricio,US,2022-10-16 17:17:10,28.017,-97.5169,89.55,47,37,11.25
202,Benxi,CN,2022-10-16 17:17:11,41.2886,123.765,28.72,48,0,2.95
203,Shimoda,JP,2022-10-16 17:17:11,34.6667,138.95,67.1,90,100,4.21
204,Hofn,IS,2022-10-16 17:17:12,64.2539,-15.2082,43.12,69,100,21.85
205,Kieta,PG,2022-10-16 17:12:32,-6.2167,155.6333,78.84,82,90,0.51
206,Fortuna,US,2022-10-16 17:17:12,40.5982,-124.1573,63.93,79,75,6.91
207,Tuatapere,NZ,2022-10-16 17:16:58,-46.1333,167.6833,43.47,87,45,3.24
208,Khatanga,RU,2022-10-16 17:17:13,71.9667,102.5,12.54,94,30,9.78
209,Kaupanger,NO,2022-10-16 17:17:13,61.1845,7.2404,46.89,87,75,3.44
210,Dudinka,RU,2022-10-16 17:17:13,69.4058,86.1778,31.62,88,98,11.79
211,Coihaique,CL,2022-10-16 17:17:14,-45.5752,-72.0662,66.81,45,20,8.05
212,Ribeira Grande,PT,2022-10-16 17:17:14,38.5167,-28.7,68.77,56,20,11.5
213,Zyryanovsk,KZ,2022-10-16 17:17:14,49.7386,84.2719,53.53,31,100,3.6
214,Torbat-E Jam,IR,2022-10-16 17:17:15,35.244,60.6225,68.36,18,0,11.39
215,Oxapampa,PE,2022-10-16 17:17:15,-10.5775,-75.4017,69.06,75,75,3.27
216,Olafsvik,IS,2022-10-16 17:17:16,64.8945,-23.7142,36.81,69,74,23.62
217,Bougouni,ML,2022-10-16 17:17:16,11.417,-7.479,86.45,56,10,4.32
218,San Vicente,AR,2022-10-16 17:17:16,-26.6167,-54.1333,75.61,63,74,2.28
219,Iqaluit,CA,2022-10-16 17:17:16,63.7506,-68.5145,33.53,100,100,9.22
220,Jumla,NP,2022-10-16 17:17:17,29.2747,82.1838,48.67,84,5,4.36
221,Malakal,SS,2022-10-16 17:17:17,9.5334,31.6605,76.32,81,76,2.51
222,Pandan,PH,2022-10-16 17:17:17,14.0453,124.1694,80.08,88,97,8.61
223,Geraldton,AU,2022-10-16 17:13:14,-28.7667,114.6,59.41,82,100,10.36
224,Isangel,VU,2022-10-16 17:17:18,-19.55,169.2667,71.65,74,28,6.06
225,Carutapera,BR,2022-10-16 17:17:18,-1.195,-46.02,86.2,62,71,8.86
226,Mbala,ZM,2022-10-16 17:17:19,-8.8402,31.3659,71.24,32,50,3.0
227,Brainerd,US,2022-10-16 17:16:07,46.358,-94.2008,41.25,65,100,11.5
228,Katsuura,JP,2022-10-16 17:17:24,35.1333,140.3,71.42,81,99,8.93
229,High Level,CA,2022-10-16 17:14:33,58.5169,-117.136,33.91,69,40,9.22
230,Pontes E Lacerda,BR,2022-10-16 17:17:24,-15.2261,-59.3353,98.29,28,14,5.84
231,Allende,MX,2022-10-16 17:17:25,25.2833,-100.0167,82.71,60,6,6.04
232,Severnoye,RU,2022-10-16 17:17:25,56.3491,78.3619,44.58,90,100,3.51
233,Callaway,US,2022-10-16 17:17:25,30.153,-85.5699,84.25,67,0,10.36
234,Port Augusta,AU,2022-10-16 17:17:26,-32.5,137.7667,57.36,60,1,6.49
235,Kaitangata,NZ,2022-10-16 17:17:26,-46.2817,169.8464,48.31,80,98,5.59
236,Chabahar,IR,2022-10-16 17:17:27,25.2919,60.643,81.73,65,0,7.07
237,Chunskiy,RU,2022-10-16 17:17:27,56.0815,99.6342,27.84,83,30,3.71
238,Le Port,RE,2022-10-16 17:17:27,-20.9373,55.2919,71.6,73,32,3.11
239,Ca Mau,VN,2022-10-16 17:17:28,9.1769,105.15,74.79,92,30,4.05
240,Ahuimanu,US,2022-10-16 17:17:28,21.4447,-157.8378,79.79,78,20,3.44
241,San Quintin,MX,2022-10-16 17:16:57,30.4833,-115.95,69.03,60,0,10.25
242,Poum,NC,2022-10-16 17:17:29,-20.2333,164.0167,75.04,68,37,17.4
243,Orange Cove,US,2022-10-16 17:17:29,36.6244,-119.3137,76.6,63,0,0.0
244,Zhigansk,RU,2022-10-16 17:17:29,66.7697,123.3711,26.08,92,100,8.3
245,Itarema,BR,2022-10-16 17:17:30,-2.9248,-39.9167,86.95,55,5,20.78
246,Barrow,US,2022-10-16 17:17:30,71.2906,-156.7887,28.42,80,100,25.32
247,Lagoa,PT,2022-10-16 17:17:30,39.05,-27.9833,63.5,59,100,17.45
248,Lompoc,US,2022-10-16 17:17:31,34.6391,-120.4579,68.56,81,100,8.05
249,Urengoy,RU,2022-10-16 17:17:31,65.9667,78.3667,34.92,89,100,4.92
250,Vologda,RU,2022-10-16 17:16:01,59.2187,39.8886,44.64,78,33,13.91
251,Victoria,HK,2022-10-16 17:15:25,22.2855,114.1577,84.38,46,100,17.0
252,Celestun,MX,2022-10-16 17:17:31,20.8667,-90.4,87.48,61,10,2.71
253,Pacific Grove,US,2022-10-16 17:13:32,36.6177,-121.9166,63.41,75,100,3.44
254,Linjiang,CN,2022-10-16 17:17:32,41.8069,126.9078,34.16,72,1,2.39
255,Aksu,CN,2022-10-16 17:17:32,41.1231,80.2644,59.05,20,70,2.71
256,Honningsvag,NO,2022-10-16 17:17:32,70.9821,25.9704,46.15,81,75,14.97
257,Mahebourg,MU,2022-10-16 17:17:33,-20.4081,57.7,71.89,78,40,5.75
258,Nanortalik,GL,2022-10-16 17:15:38,60.1432,-45.2371,36.99,74,2,10.38
259,Pochutla,MX,2022-10-16 17:17:33,15.7432,-96.4661,89.82,65,65,3.83
260,Horqueta,PY,2022-10-16 17:17:33,-23.3428,-57.0597,83.39,55,85,4.47
261,Aneho,TG,2022-10-16 17:17:34,6.2333,1.6,79.68,78,63,7.74
262,Chico,US,2022-10-16 17:13:34,39.7285,-121.8375,64.85,72,1,3.09
263,Yinchuan,CN,2022-10-16 17:17:34,38.4681,106.2731,48.78,25,0,8.25
264,Bonavista,CA,2022-10-16 17:17:35,48.6499,-53.1147,54.81,71,100,9.98
265,Takoradi,GH,2022-10-16 17:15:41,4.8845,-1.7554,78.15,86,98,7.85
266,Olga,RU,2022-10-16 17:17:35,43.7444,135.2892,45.68,80,99,7.45
267,Naze,JP,2022-10-16 17:17:35,28.3667,129.4833,77.92,85,100,3.71
268,Muzhi,RU,2022-10-16 17:14:30,65.3667,64.6667,37.83,91,98,7.34
269,Komsomolskiy,UZ,2022-10-16 17:17:36,40.4272,71.7189,61.52,39,35,4.61
270,Luderitz,NA,2022-10-16 17:17:36,-26.6481,15.1594,62.06,85,8,12.33
271,Yeppoon,AU,2022-10-16 17:17:36,-23.1333,150.7333,71.38,87,93,2.42
272,Puerto Colombia,CO,2022-10-16 17:17:37,10.9878,-74.9547,87.89,72,40,1.07
273,Huarmey,PE,2022-10-16 17:17:37,-10.0681,-78.1522,68.18,72,34,12.57
274,Yanam,IN,2022-10-16 17:17:37,16.7333,82.2167,76.78,92,46,3.76
275,Aklavik,CA,2022-10-16 17:17:38,68.2191,-135.0107,24.8,93,100,6.91
276,Grand Gaube,MU,2022-10-16 17:15:45,-20.0064,57.6608,72.0,75,83,1.99
277,Touros,BR,2022-10-16 17:16:55,-5.1989,-35.4608,84.06,60,5,19.3
278,Baturaja,ID,2022-10-16 17:17:43,-4.1333,104.1667,73.6,97,89,2.64
279,Bone,DE,2022-10-16 17:17:43,51.9669,12.1396,60.26,73,65,3.74
280,Talcahuano,CL,2022-10-16 17:16:11,-36.7167,-73.1167,58.68,67,20,11.5
281,Yumen,CN,2022-10-16 17:17:44,40.2833,97.2,45.64,26,12,5.21
282,Little Current,CA,2022-10-16 17:17:44,45.9793,-81.9248,46.42,77,97,6.64
283,Half Moon Bay,US,2022-10-16 17:17:44,37.4636,-122.4286,65.82,78,100,6.91
284,Pevek,RU,2022-10-16 17:17:45,69.7008,170.3133,9.82,96,99,4.83
285,Nadym,RU,2022-10-16 17:17:45,65.5333,72.5167,37.36,90,100,2.15
286,Taoudenni,ML,2022-10-16 17:17:45,22.6783,-3.9836,101.12,8,98,10.2
287,Kusa,RU,2022-10-16 17:17:45,55.3383,59.4406,39.31,82,99,8.9
288,Bongandanga,CD,2022-10-16 17:17:46,1.5,21.05,69.91,97,86,2.51
289,Qingquan,CN,2022-10-16 17:17:46,30.4511,115.2559,62.85,53,6,5.44
290,Whitianga,NZ,2022-10-16 17:17:46,-36.8333,175.7,55.04,88,31,8.68
291,Severnyy,RU,2022-10-16 17:17:47,50.677,36.5532,42.84,65,0,0.0
292,Coahuayana,MX,2022-10-16 17:17:47,18.7333,-103.6833,87.39,66,44,3.38
293,Marawi,PH,2022-10-16 17:17:47,7.9986,124.2928,70.16,90,99,3.58
294,Tonj,SS,2022-10-16 17:17:48,7.2737,28.6822,69.75,97,94,7.92
295,San Ramon,US,2022-10-16 17:17:36,37.7799,-121.978,64.69,75,100,6.91
296,Bethel,US,2022-10-16 17:17:48,41.3712,-73.414,66.2,55,0,3.44
297,Skibbereen,IE,2022-10-16 17:17:48,51.55,-9.2667,58.1,83,100,23.38
298,Weligama,LK,2022-10-16 17:17:49,5.9667,80.4167,76.96,87,97,4.56
299,Astorga,BR,2022-10-16 17:17:49,-23.2325,-51.6656,77.04,60,86,4.14
300,Longyearbyen,SJ,2022-10-16 17:17:49,78.2186,15.6401,26.44,63,75,11.5
301,Port Moresby,PG,2022-10-16 17:17:50,-9.4431,147.1797,76.44,91,100,5.37
302,Qui Nhon,VN,2022-10-16 17:17:50,13.7667,109.2333,75.99,85,98,11.9
303,Prescott,US,2022-10-16 17:15:57,34.54,-112.4685,58.37,81,40,3.0
304,Wote,KE,2022-10-16 17:17:50,-1.7808,37.6288,75.6,43,98,11.18
305,Berlevag,NO,2022-10-16 17:17:51,70.8578,29.0864,44.6,87,100,9.22
306,Esik,KZ,2022-10-16 17:17:51,43.3552,77.4525,56.62,32,52,6.93
307,Maceio,BR,2022-10-16 17:17:52,-9.6658,-35.7353,83.64,61,40,11.5
308,Miles City,US,2022-10-16 17:14:07,46.4083,-105.8406,43.77,70,100,0.0
309,Airai,TL,2022-10-16 17:17:52,-8.9266,125.4092,61.81,71,100,2.01
310,Mungwi,ZM,2022-10-16 17:17:52,-10.1732,31.3694,77.92,19,38,7.11
311,Wajir,KE,2022-10-16 17:17:53,1.7471,40.0573,86.02,46,100,19.91
312,Suoyarvi,RU,2022-10-16 17:17:53,62.0833,32.35,47.59,94,100,10.47
313,Maykor,RU,2022-10-16 17:17:53,59.0059,55.88,41.88,93,100,7.65
314,Champerico,GT,2022-10-16 17:17:54,14.3,-91.9167,90.14,73,99,5.88
315,Namatanai,PG,2022-10-16 17:17:54,-3.6667,152.4333,78.84,81,100,7.29
316,Buala,SB,2022-10-16 17:17:54,-8.145,159.5921,79.03,81,65,4.43
317,Paciran,ID,2022-10-16 17:17:55,-6.8767,112.3761,79.43,82,97,8.43
318,Bhusawal,IN,2022-10-16 17:17:55,21.05,75.7667,73.9,71,13,5.64
319,Isla Mujeres,MX,2022-10-16 17:13:07,21.2311,-86.731,86.16,69,6,10.2
320,Vila Velha,BR,2022-10-16 17:17:55,-20.3297,-40.2925,78.75,76,20,12.66
321,Puerto Leguizamo,CO,2022-10-16 17:17:56,-0.1934,-74.7819,73.8,89,100,0.89
322,Pinhao,BR,2022-10-16 17:18:01,-25.6956,-51.6597,61.63,96,99,1.25
323,Silver City,US,2022-10-16 17:13:40,32.7701,-108.2803,57.69,83,0,11.36
324,Puerto Baquerizo Moreno,EC,2022-10-16 17:18:02,-0.9,-89.6,70.79,78,100,13.8
325,Korla,CN,2022-10-16 17:18:02,41.7597,86.1469,56.53,25,3,1.48
326,Wattegama,LK,2022-10-16 17:18:02,6.7989,81.4808,75.33,87,67,3.49
327,Tuy Hoa,VN,2022-10-16 17:18:03,13.0833,109.3,76.68,89,99,7.72
328,Sitka,US,2022-10-16 17:18:03,57.0531,-135.33,55.29,88,100,0.0
329,Boa Vista,BR,2022-10-16 17:18:03,2.8197,-60.6733,89.58,48,40,9.22
330,Hamilton,US,2022-10-16 17:18:04,39.1834,-84.5333,71.2,32,0,10.36
331,Kenai,US,2022-10-16 17:18:04,60.5544,-151.2583,41.14,96,100,10.36
332,Hervey Bay,AU,2022-10-16 17:15:48,-25.2986,152.8535,66.02,85,92,11.01
333,Kampong Thum,KH,2022-10-16 17:18:05,12.7111,104.8887,72.64,87,35,4.88
334,Margate,GB,2022-10-16 17:17:02,51.3813,1.3862,60.31,84,100,3.0
335,Caibarien,CU,2022-10-16 17:18:05,22.5206,-79.4669,87.12,70,21,9.98
336,Aloleng,PH,2022-10-16 17:18:06,16.1307,119.7824,80.55,83,100,13.53
337,Nago,JP,2022-10-16 17:18:06,26.5881,127.9761,79.81,84,99,11.18
338,Ambulu,ID,2022-10-16 17:18:06,-8.345,113.6058,76.86,90,99,3.0
339,Mandalgovi,MN,2022-10-16 17:18:06,45.7625,106.2708,26.29,38,0,5.88
340,Saskylakh,RU,2022-10-16 17:18:07,71.9167,114.0833,17.87,90,94,18.54
341,Brigantine,US,2022-10-16 17:18:08,39.4101,-74.3646,65.03,53,40,4.61
342,Kimbe,PG,2022-10-16 17:18:08,-5.5502,150.1429,75.7,92,100,3.33
343,Borogontsy,RU,2022-10-16 17:18:08,62.6683,131.1683,22.03,97,99,4.88
344,Kodiak,US,2022-10-16 17:18:09,57.79,-152.4072,47.71,87,100,4.61
345,Yatou,CN,2022-10-16 17:18:09,37.15,122.3833,54.45,38,84,20.49
346,Kattivakkam,IN,2022-10-16 17:18:09,13.2167,80.3167,86.09,78,51,9.64
347,Lagos De Moreno,MX,2022-10-16 17:18:10,21.35,-101.9167,77.29,35,10,4.61
348,Palana,RU,2022-10-16 17:18:10,59.1167,159.9667,27.55,90,100,7.61
349,Samarai,PG,2022-10-16 17:18:10,-10.6167,150.6667,80.74,82,68,11.43
350,Pisco,PE,2022-10-16 17:17:55,-13.7,-76.2167,66.25,72,0,10.36
351,Goderich,CA,2022-10-16 17:18:11,43.7501,-81.7165,52.92,58,47,10.36
352,Kijang,KR,2022-10-16 17:18:11,35.2442,129.2139,60.53,72,7,5.14
353,Saravan,AM,2022-10-16 17:18:12,39.7196,45.6483,55.27,54,44,5.46
354,Labuhan,ID,2022-10-16 17:18:12,-6.8844,112.2051,79.11,81,99,12.17
355,West Wendover,US,2022-10-16 17:18:12,40.7391,-114.0733,59.58,31,0,5.37
356,Faya,SA,2022-10-16 17:18:13,18.3851,42.4509,68.11,33,31,10.87
357,Nyaunglebin,MM,2022-10-16 17:18:13,17.95,96.7333,74.05,93,19,1.32
358,Suez,EG,2022-10-16 17:18:13,29.9737,32.5263,79.52,32,0,10.56
359,Damghan,IR,2022-10-16 17:18:14,36.1683,54.348,71.17,20,11,3.38
360,Cap Malheureux,MU,2022-10-16 17:18:14,-19.9842,57.6142,69.48,75,84,1.99
361,Mikuni,JP,2022-10-16 17:18:14,36.2171,136.1519,62.51,86,85,5.26
362,Tezu,IN,2022-10-16 17:18:15,27.9167,96.1667,70.25,54,1,4.97
363,Uray,RU,2022-10-16 17:18:15,60.1247,64.7758,40.51,89,100,8.34
364,Sibolga,ID,2022-10-16 17:18:15,1.7427,98.7792,75.4,84,100,2.53
365,Narsaq,GL,2022-10-16 17:18:16,60.9167,-46.05,41.22,72,7,3.78
366,Moron,AR,2022-10-16 17:18:11,-34.6534,-58.6198,69.96,62,24,11.9
367,Merauke,ID,2022-10-16 17:18:16,-8.4667,140.3333,78.71,91,100,11.21
368,Canoinhas,BR,2022-10-16 17:14:10,-26.1772,-50.39,67.33,79,96,3.96
369,Katakwi,UG,2022-10-16 17:18:17,1.8911,33.9661,73.9,60,100,6.71
370,Leshukonskoye,RU,2022-10-16 17:18:22,64.8989,45.7622,43.74,94,89,7.85
371,Bonfim,BR,2022-10-16 17:18:22,3.0833,-59.95,91.47,46,75,2.93
372,Dhangadhi,NP,2022-10-16 17:18:23,28.7079,80.5961,71.6,83,0,3.06
373,Lampazos De Naranjo,MX,2022-10-16 17:18:23,27.0167,-100.5167,83.64,57,12,5.84
374,Ahipara,NZ,2022-10-16 17:18:23,-35.1667,173.1667,52.95,92,57,4.0
375,Ankazoabo,MG,2022-10-16 17:18:24,-22.2833,44.5167,78.78,48,41,7.4
376,Chernyshevsk,RU,2022-10-16 17:17:07,52.5243,117.0174,27.07,54,1,4.36
377,Mehamn,NO,2022-10-16 17:18:24,71.0357,27.8492,44.55,93,75,8.05
378,Veraval,IN,2022-10-16 17:18:24,20.9,70.3667,81.0,53,10,6.35
379,Tiksi,RU,2022-10-16 17:18:25,71.6872,128.8694,18.91,89,95,16.93
380,Macenta,GN,2022-10-16 17:18:25,8.5435,-9.471,74.55,95,88,2.17
381,Konstantinovka,RU,2022-10-16 17:18:25,49.6167,127.9833,37.53,75,99,13.22
382,Ambovombe,MG,2022-10-16 17:18:26,-25.1667,46.0833,69.93,86,0,5.97
383,Hatillo,PR,2022-10-16 17:18:26,18.4863,-66.8254,89.56,76,22,5.99
384,Harper,LR,2022-10-16 17:18:26,4.375,-7.7169,79.45,76,100,7.65
385,Tripoli,LY,2022-10-16 17:18:27,32.8752,13.1875,75.47,62,66,8.34
386,Mazamari,PE,2022-10-16 17:18:27,-11.3258,-74.5308,90.82,42,49,3.47
387,Belmonte,BR,2022-10-16 17:18:27,-15.8631,-38.8828,78.58,66,47,8.25
388,Vostok,RU,2022-10-16 17:18:27,46.4856,135.8833,34.38,88,92,3.96
389,Sikandarpur,IN,2022-10-16 17:18:28,26.05,84.05,72.55,60,0,4.29
390,Matay,EG,2022-10-16 17:18:28,28.419,30.7792,78.51,34,0,10.78
391,Poronaysk,RU,2022-10-16 17:18:28,49.2167,143.1167,44.58,85,100,7.23
392,Varkaus,FI,2022-10-16 17:18:29,62.3153,27.873,51.31,93,100,12.24
393,Saint-Joseph,RE,2022-10-16 17:18:29,-21.3667,55.6167,70.18,78,66,6.71
394,Mitsamiouli,KM,2022-10-16 17:18:29,-11.3847,43.2844,75.97,77,8,6.85
395,Peniche,PT,2022-10-16 17:18:30,39.3558,-9.3811,71.29,83,69,11.32
396,Alexandria,EG,2022-10-16 17:18:30,31.2156,29.9553,75.54,66,4,17.11
397,Biltine,TD,2022-10-16 17:18:30,14.5333,20.9167,92.1,17,1,6.22
398,Ormara,PK,2022-10-16 17:18:30,25.2088,64.6357,80.91,68,0,8.32
399,Soyo,AO,2022-10-16 17:18:31,-6.1349,12.3689,78.31,79,24,10.47
400,Severomuysk,RU,2022-10-16 17:18:31,56.1481,113.4267,3.27,94,50,3.29
401,Vanino,RU,2022-10-16 17:18:31,49.0869,140.2543,39.0,82,16,5.55
402,Payakumbuh,ID,2022-10-16 17:18:32,-0.2202,100.6308,70.2,97,100,2.82
403,The Pas,CA,2022-10-16 17:18:32,53.8251,-101.2541,30.22,51,0,8.05
404,Stjordalshalsen,NO,2022-10-16 17:18:32,63.4681,10.9262,44.6,76,0,6.91
405,Provideniya,RU,2022-10-16 17:18:33,64.3833,-173.3,25.07,80,100,10.27
406,Vung Tau,VN,2022-10-16 17:18:33,10.346,107.0843,79.83,79,49,2.06
407,Royan,FR,2022-10-16 17:18:33,45.6285,-1.0281,70.79,65,40,10.78
408,Khuchni,RU,2022-10-16 17:18:34,41.9499,47.9485,52.9,99,100,2.59
409,Tongliao,CN,2022-10-16 17:18:34,43.6125,122.2653,38.32,46,5,11.59
410,Ibra,OM,2022-10-16 17:18:34,22.6906,58.5334,76.64,28,45,2.17
411,Arlit,NE,2022-10-16 17:18:35,18.7369,7.3853,95.09,12,0,12.1
412,Barlad,RO,2022-10-16 17:18:35,46.2333,27.6667,50.65,39,0,2.71
413,Caborca,MX,2022-10-16 17:17:09,30.5838,-111.101,68.23,57,2,9.98
414,Klaksvik,FO,2022-10-16 17:18:35,62.2266,-6.589,47.32,82,69,17.76
415,Tazovskiy,RU,2022-10-16 17:18:36,67.4667,78.7,32.54,96,100,5.48
416,Ballarat,AU,2022-10-16 17:16:46,-37.5662,143.8496,36.91,97,20,1.12
417,Marakkanam,IN,2022-10-16 17:18:41,12.2,79.95,82.17,77,100,8.34
418,Dayong,CN,2022-10-16 17:18:41,25.0209,118.2898,77.31,74,100,6.15
419,Villarrica,PY,2022-10-16 17:18:42,-25.75,-56.4333,81.16,62,53,3.49
420,Broken Hill,AU,2022-10-16 17:18:42,-31.95,141.4333,58.03,56,3,12.08
421,Nova Vicosa,BR,2022-10-16 17:18:42,-17.8919,-39.3719,79.29,61,46,7.92
422,Yadgir,IN,2022-10-16 17:18:42,16.7667,77.1333,75.02,91,99,9.46
423,Anloga,GH,2022-10-16 17:18:43,5.7947,0.8973,80.47,77,91,8.66
424,Harbin,CN,2022-10-16 17:18:43,45.75,126.65,35.55,59,20,7.7
425,Nakhon Thai,TH,2022-10-16 17:18:43,17.1006,100.8374,69.17,67,39,2.75
426,Trud,BG,2022-10-16 17:18:44,42.2333,24.7333,57.18,58,0,2.3
427,Srednekolymsk,RU,2022-10-16 17:18:44,67.45,153.6833,0.12,98,69,3.51
428,Kincardine,GB,2022-10-16 17:15:50,56.0667,-3.7167,52.29,86,81,4.76
429,Tabou,CI,2022-10-16 17:18:44,4.423,-7.3528,79.18,78,98,7.83
430,Jizan,SA,2022-10-16 17:18:45,17.3333,42.6667,88.74,59,1,4.12
431,San Felipe,VE,2022-10-16 17:18:45,10.3399,-68.7425,82.92,77,79,2.68
432,Mirpur Khas,PK,2022-10-16 17:18:45,25.5251,69.0159,83.05,18,3,9.06
433,Mazagao,BR,2022-10-16 17:18:45,-0.115,-51.2894,95.05,42,45,6.44
434,Komsomolets,KZ,2022-10-16 17:18:46,53.7453,62.0708,43.18,77,96,9.82
435,Jieshi,CN,2022-10-16 17:18:46,22.8134,115.8257,79.79,58,100,12.15
436,Uruzgan,AF,2022-10-16 17:18:47,32.8333,66.0,60.12,13,0,1.61
437,Nuuk,GL,2022-10-16 17:18:47,64.1835,-51.7216,43.41,65,75,24.16
438,Nantucket,US,2022-10-16 17:16:46,41.2835,-70.0995,69.94,80,0,6.91
439,Chiang Khong,TH,2022-10-16 17:18:47,20.2613,100.4046,69.66,78,65,1.32
440,Ilhabela,BR,2022-10-16 17:18:48,-23.7781,-45.3581,73.6,79,86,7.9
441,Sinnamary,GF,2022-10-16 17:18:48,5.3833,-52.95,86.45,61,31,9.35
442,Nhulunbuy,AU,2022-10-16 17:18:48,-12.2333,136.7667,79.41,89,40,0.0
443,Haines Junction,CA,2022-10-16 17:18:49,60.7522,-137.5108,44.55,87,100,4.61
444,Bahia Blanca,AR,2022-10-16 17:18:49,-38.7196,-62.2724,73.92,28,0,11.5
445,Calama,CL,2022-10-16 17:18:49,-22.4667,-68.9333,73.89,6,40,23.02
446,Sungaipenuh,ID,2022-10-16 17:18:50,-2.0833,101.3833,65.34,97,100,1.1
447,Teya,RU,2022-10-16 17:18:50,60.3778,92.6267,30.78,77,99,3.65
448,Novopavlovka,RU,2022-10-16 17:18:50,51.2172,109.2091,22.14,76,3,2.98
449,Chakia,IN,2022-10-16 17:18:51,26.4167,85.05,71.44,58,0,6.53
450,Niquelandia,BR,2022-10-16 17:18:51,-14.4739,-48.4597,98.04,14,10,6.55
451,Januaria,BR,2022-10-16 17:18:51,-15.4833,-44.3667,93.54,20,6,7.78
452,Saint-Georges,GD,2022-10-16 17:18:52,12.0564,-61.7485,85.68,79,20,11.5
453,Punta De Bombon,PE,2022-10-16 17:18:52,-17.1717,-71.7931,64.83,72,23,9.26
454,Tucuma,BR,2022-10-16 17:18:52,-0.1833,-50.05,88.3,58,76,7.9
455,Padang,ID,2022-10-16 17:18:52,-0.9492,100.3543,76.19,90,100,3.47
456,Ust-Omchug,RU,2022-10-16 17:18:53,61.15,149.6333,-4.76,100,70,1.12
457,Pemba,MZ,2022-10-16 17:18:53,-12.974,40.5178,75.9,83,40,9.22
458,Voh,NC,2022-10-16 17:18:54,-20.9667,164.7,67.14,80,49,5.21
459,Bontang,ID,2022-10-16 17:18:54,0.1333,117.5,78.48,87,100,4.65
460,Manta,EC,2022-10-16 17:18:54,-0.95,-80.7333,76.78,69,100,5.75
461,Senanga,ZM,2022-10-16 17:18:54,-16.1167,23.2667,84.11,12,68,5.77
462,Cuenca,EC,2022-10-16 17:18:55,-2.8833,-78.9833,64.53,59,100,6.91
463,Edinburg,GB,2022-10-16 17:14:32,55.9521,-3.1965,51.12,77,0,4.61
464,Egvekinot,RU,2022-10-16 17:19:00,66.3167,-179.1667,11.35,85,98,12.73
465,Litovko,RU,2022-10-16 17:19:00,49.2361,135.1742,36.41,63,2,6.29
466,Okhtyrka,UA,2022-10-16 17:19:01,50.3104,34.8988,42.84,70,2,5.12
467,Roald,NO,2022-10-16 17:19:01,62.5833,6.1333,51.75,81,75,8.05
468,Beloha,MG,2022-10-16 17:19:01,-25.1667,45.05,69.46,79,0,6.85
469,Nalut,LY,2022-10-16 17:19:02,30.3333,10.85,77.4,31,83,7.61
470,Vila Franca Do Campo,PT,2022-10-16 17:19:02,37.7167,-25.4333,66.61,56,66,7.92
471,Tamandare,BR,2022-10-16 17:19:03,-8.7597,-35.1047,80.17,69,35,12.19
472,Petropavlovsk-Kamchatskiy,RU,2022-10-16 17:14:46,53.0452,158.6483,34.77,73,8,8.48
473,Melo,UY,2022-10-16 17:19:03,-32.3667,-54.1833,68.74,65,64,9.86
474,Victor Harbor,AU,2022-10-16 17:19:04,-35.5667,138.6167,51.67,92,44,7.47
475,Patos,BR,2022-10-16 17:19:04,-7.0244,-37.28,96.57,21,4,11.7
476,Avera,US,2022-10-16 17:19:04,33.194,-82.5271,81.55,32,1,5.21
477,Ponta Delgada,PT,2022-10-16 17:19:05,37.7333,-25.6667,66.92,55,20,10.36
478,Koslan,RU,2022-10-16 17:19:05,63.4564,48.8989,42.94,93,99,6.02
479,Anadyr,RU,2022-10-16 17:19:05,64.75,177.4833,16.3,85,75,6.71
480,Lazaro Cardenas,MX,2022-10-16 17:19:06,17.9583,-102.2,85.42,69,66,1.95
481,Ayan,RU,2022-10-16 17:19:06,56.45,138.1667,33.6,64,100,12.12
482,Alofi,NU,2022-10-16 17:19:06,-19.0595,-169.9187,73.29,100,15,5.75
483,Odweyne,SO,2022-10-16 17:19:07,9.4092,45.064,78.35,50,72,2.82
484,Pundaguitan,PH,2022-10-16 17:19:07,6.3711,126.1689,83.68,74,100,5.28
485,Iralaya,HN,2022-10-16 17:18:19,15.0,-83.2333,84.22,73,100,10.27
486,Kropotkin,RU,2022-10-16 17:19:07,45.4375,40.5756,56.48,67,100,18.1
487,Shirochanka,RU,2022-10-16 17:19:08,46.6497,38.3978,56.1,52,88,17.6
488,San-Pedro,CI,2022-10-16 17:19:08,4.7485,-6.6363,79.25,80,74,8.55
489,Tonekabon,IR,2022-10-16 17:19:08,36.8163,50.8738,71.55,86,55,3.02
490,Chara,RU,2022-10-16 17:19:09,56.9064,118.2631,19.58,73,42,2.86
491,Palmer,US,2022-10-16 17:18:26,42.1584,-72.3287,66.51,50,75,5.75
492,Gorakhpur,IN,2022-10-16 17:19:09,29.45,75.6833,77.34,38,0,2.93
493,Wahiawa,US,2022-10-16 17:19:10,21.5028,-158.0236,76.8,74,54,3.69
494,Mokhsogollokh,RU,2022-10-16 17:19:10,61.4681,128.9203,20.52,96,92,5.17
495,Basoko,CD,2022-10-16 17:19:10,1.2391,23.616,70.07,96,100,1.54
496,Saint-Pierre,RE,2022-10-16 17:19:11,-21.3393,55.4781,71.28,68,20,2.3
497,Imbituba,BR,2022-10-16 17:19:11,-28.24,-48.6703,70.86,91,100,4.54
498,Ardahan,TR,2022-10-16 17:19:12,41.1087,42.7022,49.01,74,36,2.21
499,Zhezkazgan,KZ,2022-10-16 17:19:12,47.8043,67.7144,50.36,58,90,8.88
500,Atar,MR,2022-10-16 17:19:12,20.5169,-13.0499,100.47,14,53,6.93
501,Goulburn,AU,2022-10-16 17:19:13,-34.75,149.7167,46.87,98,85,5.64
502,Chase,CA,2022-10-16 17:19:13,50.8165,-119.6857,45.48,58,32,3.2
503,Guerrero Negro,MX,2022-10-16 17:19:13,27.9769,-114.0611,73.29,55,86,10.47
504,Fayaoue,NC,2022-10-16 17:19:14,-20.65,166.5333,73.31,70,3,8.3
505,Ambanja,MG,2022-10-16 17:19:14,-13.6833,48.45,73.58,83,74,2.19
506,Brasilia,BR,2022-10-16 17:19:15,-15.7797,-47.9297,83.32,28,40,9.22
507,Jerantut,MY,2022-10-16 17:19:15,3.936,102.3626,74.79,97,100,0.6
508,Nemuro,JP,2022-10-16 17:19:16,43.3236,145.575,58.96,88,100,13.78
509,Mersing,MY,2022-10-16 17:19:16,2.4312,103.8405,78.71,78,40,4.61
510,Santana Do Paraiso,BR,2022-10-16 17:19:16,-19.3636,-42.5686,82.72,26,0,9.22
511,Solnechnyy,RU,2022-10-16 17:19:17,50.7214,136.6319,33.53,70,35,2.59
512,Port-Gentil,GA,2022-10-16 17:18:16,-0.7193,8.7815,80.56,83,75,10.36
513,Kinsale,IE,2022-10-16 17:19:22,51.7075,-8.5306,56.23,100,75,17.27
514,San Matias,BO,2022-10-16 17:19:22,-16.3667,-58.4,99.25,29,41,5.08
515,Qiyang,CN,2022-10-16 17:19:23,26.5911,111.8474,68.05,41,36,6.64
516,Dunedin,NZ,2022-10-16 17:15:27,-45.8742,170.5036,49.8,80,75,8.99
517,Verkhoyansk,RU,2022-10-16 17:19:23,67.5447,133.385,14.88,95,100,4.25
518,College,US,2022-10-16 17:19:23,64.8569,-147.8028,33.08,87,100,5.75
519,Aracati,BR,2022-10-16 17:19:24,-4.5617,-37.7697,90.0,44,5,17.07
520,Slave Lake,CA,2022-10-16 17:15:51,55.2834,-114.769,37.38,65,0,10.36
521,Riohacha,CO,2022-10-16 17:19:24,11.5444,-72.9072,85.86,72,29,9.71
522,Xinzhou,CN,2022-10-16 17:19:24,38.4092,112.7333,43.63,26,0,2.42
523,Calella,ES,2022-10-16 17:19:25,41.618,2.6678,75.2,87,16,5.01
524,Toila,EE,2022-10-16 17:19:25,59.4236,27.5025,53.64,87,100,18.75
525,Sakakah,SA,2022-10-16 17:19:25,29.9697,40.2064,85.57,15,47,5.1
526,Taber,CA,2022-10-16 17:15:50,49.8167,-112.1518,58.84,58,68,6.91
527,Kurchum,KZ,2022-10-16 17:19:26,48.5722,83.6542,61.95,18,100,21.09
528,Qaqortoq,GL,2022-10-16 17:19:26,60.7167,-46.0333,35.94,72,5,3.78
529,Davila,PH,2022-10-16 17:19:26,18.4726,120.5763,80.2,80,100,17.11
530,Spilimbergo,IT,2022-10-16 17:19:27,46.1125,12.8969,67.75,84,20,1.14
531,Kismayo,SO,2022-10-16 17:19:27,-0.3582,42.5454,77.85,85,63,10.38
532,Batagay-Alyta,RU,2022-10-16 17:19:27,67.8006,130.4114,13.21,82,100,6.42
533,Warrington,GB,2022-10-16 17:19:27,53.3925,-2.5802,54.86,74,0,10.36
534,Vestmanna,FO,2022-10-16 17:19:28,62.1564,-7.1664,45.52,76,40,5.75
535,Cuamba,MZ,2022-10-16 17:19:28,-14.8031,36.5372,85.5,20,68,2.84
536,Calabozo,VE,2022-10-16 17:19:28,8.9242,-67.4293,91.67,48,74,5.93
537,Makakilo City,US,2022-10-16 17:19:29,21.3469,-158.0858,78.62,74,20,3.44
538,Rutul,RU,2022-10-16 17:19:29,41.5357,47.4239,51.44,95,77,2.75
539,Grindavik,IS,2022-10-16 17:19:29,63.8424,-22.4338,37.87,75,75,29.93
540,Cowansville,CA,2022-10-16 17:19:30,45.2001,-72.7491,58.91,45,78,4.61
541,Miandrivazo,MG,2022-10-16 17:19:30,-19.5167,45.4667,79.47,64,22,7.9
542,Kilcullen,IE,2022-10-16 17:19:30,53.1303,-6.7444,52.77,93,100,15.64
543,Kavaratti,IN,2022-10-16 17:19:31,10.5669,72.642,82.06,73,100,2.68
544,Swan River,CA,2022-10-16 17:19:31,52.1058,-101.2676,31.89,55,52,5.75
545,Fukue,JP,2022-10-16 17:19:31,32.6881,128.8419,69.49,78,100,8.25
546,Tabas,IR,2022-10-16 17:19:32,33.5959,56.9244,80.82,12,0,4.61
547,Beringovskiy,RU,2022-10-16 17:19:32,63.05,179.3167,24.35,78,100,17.54
548,Indian Head,US,2022-10-16 17:17:32,38.6001,-77.1622,72.03,46,0,3.44
549,Parati,BR,2022-10-16 17:19:32,-23.2178,-44.7131,81.7,63,100,5.59
550,Parintins,BR,2022-10-16 17:19:33,-2.6283,-56.7358,84.69,65,100,4.52
551,Bara,NG,2022-10-16 17:19:33,10.3744,10.7288,81.97,34,62,3.91
552,Abha,SA,2022-10-16 17:16:45,18.2164,42.5053,67.82,72,0,0.0
553,Nanchang,CN,2022-10-16 17:19:33,28.6833,115.8833,66.78,50,18,12.62
554,Aasiaat,GL,2022-10-16 17:19:34,68.7098,-52.8699,33.33,71,100,9.64
555,Kantilo,IN,2022-10-16 17:19:34,20.35,85.1833,79.61,78,84,2.06
556,Desaguadero,PE,2022-10-16 17:19:34,-16.5656,-69.0417,56.25,43,91,14.07
557,Haapiti,PF,2022-10-16 17:19:34,-17.5667,-149.8667,74.93,67,11,16.87
